op_id	desc	proc	level
34359738368	Operation <34359738368>		
1	main <1>	CPU Processor 0x1d00000000000001	2
3	Fill Operation <3>		
4	Fill Operation <4>		
5	Fill Operation <5>		
6	Fill Operation <6>		
7	Fill Operation <7>		
8	init_points <8>	CPU Processor 0x1d00000000000003	2
9	time_measurement <9>	CPU Processor 0x1d00000000000001	3
10	Fill Operation <10>		
11	Fill Operation <11>		
12	Fill Operation <12>		
13	update_density <13>	CPU Processor 0x1d00000000000005	2
14	update_by_pressure_force <14>	CPU Processor 0x1d00000000000004	2
15	integrate <15>	CPU Processor 0x1d00000000000002	2
16	update_density <16>	CPU Processor 0x1d00000000000006	2
17	update_by_pressure_force <17>	CPU Processor 0x1d00000000000001	3
18	integrate <18>	CPU Processor 0x1d00000000000005	2
19	update_density <19>	CPU Processor 0x1d00000000000003	2
20	update_by_pressure_force <20>	CPU Processor 0x1d00000000000003	2
21	integrate <21>	CPU Processor 0x1d00000000000005	2
22	update_density <22>	CPU Processor 0x1d00000000000005	2
23	update_by_pressure_force <23>	CPU Processor 0x1d00000000000004	2
24	integrate <24>	CPU Processor 0x1d00000000000004	2
25	update_density <25>	CPU Processor 0x1d00000000000004	2
26	update_by_pressure_force <26>	CPU Processor 0x1d00000000000006	2
27	integrate <27>	CPU Processor 0x1d00000000000006	2
28	update_density <28>	CPU Processor 0x1d00000000000004	2
29	update_by_pressure_force <29>	CPU Processor 0x1d00000000000006	2
30	integrate <30>	CPU Processor 0x1d00000000000006	2
31	update_density <31>	CPU Processor 0x1d00000000000004	2
32	update_by_pressure_force <32>	CPU Processor 0x1d00000000000004	2
33	integrate <33>	CPU Processor 0x1d00000000000001	3
34	update_density <34>	CPU Processor 0x1d00000000000004	2
35	update_by_pressure_force <35>	CPU Processor 0x1d00000000000001	3
36	integrate <36>	CPU Processor 0x1d00000000000002	2
37	update_density <37>	CPU Processor 0x1d00000000000001	3
38	update_by_pressure_force <38>	CPU Processor 0x1d00000000000005	2
39	integrate <39>	CPU Processor 0x1d00000000000002	2
40	update_density <40>	CPU Processor 0x1d00000000000004	2
41	update_by_pressure_force <41>	CPU Processor 0x1d00000000000004	2
42	integrate <42>	CPU Processor 0x1d00000000000002	2
43	time_measurement <43>	CPU Processor 0x1d00000000000001	3
44	__binary_int64_int64_- <44>	CPU Processor 0x1d00000000000005	2
45	Deletion Operation <45>		
46	Deletion Operation <46>		
47	Deletion Operation <47>		
48	Deletion Operation <48>		
49	Deletion Operation <49>		
94489280512	Operation <94489280512>		
85899345920	Operation <85899345920>		
115964116992	Operation <115964116992>		
64424509440	Operation <64424509440>		
120259084288	Operation <120259084288>		
176093659136	Operation <176093659136>		
124554051584	Operation <124554051584>		
38654705664	Operation <38654705664>		
128849018880	Operation <128849018880>		
98784247808	Operation <98784247808>		
133143986176	Operation <133143986176>		
103079215104	Operation <103079215104>		
0	Operation <0>		
73014444032	Operation <73014444032>		
141733920768	Operation <141733920768>		
111669149696	Operation <111669149696>		
146028888064	Operation <146028888064>		
4294999822	Operation <4294999822>		
60129542144	Operation <60129542144>		
150323855360	Operation <150323855360>		
154618822656	Operation <154618822656>		
158913789952	Operation <158913789952>		
77309411328	Operation <77309411328>		
163208757248	Operation <163208757248>		
167503724544	Operation <167503724544>		
171798691840	Operation <171798691840>		
107374182400	Operation <107374182400>		
68719476736	Operation <68719476736>		
180388626432	Operation <180388626432>		
90194313216	Operation <90194313216>		
81604378624	Operation <81604378624>		
184683593728	Operation <184683593728>		
188978561024	Operation <188978561024>		
137438953472	Operation <137438953472>		
55834574848	Operation <55834574848>		
