op_id	desc	proc	level
0	Operation <0>		
1	main <1>	CPU Processor 0x1d00000000000005	2
3	Fill Operation <3>		
4	Fill Operation <4>		
5	Fill Operation <5>		
6	Fill Operation <6>		
7	Fill Operation <7>		
8	init_points <8>	CPU Processor 0x1d00000000000001	2
9	time_measurement <9>	CPU Processor 0x1d00000000000001	2
10	Fill Operation <10>		
11	Fill Operation <11>		
12	Fill Operation <12>		
13	update_density <13>	CPU Processor 0x1d00000000000006	2
14	update_by_pressure_force <14>	CPU Processor 0x1d00000000000003	2
15	integrate <15>	CPU Processor 0x1d00000000000003	2
16	update_density <16>	CPU Processor 0x1d00000000000006	2
17	update_by_pressure_force <17>	CPU Processor 0x1d00000000000006	2
18	integrate <18>	CPU Processor 0x1d00000000000005	3
19	time_measurement <19>	CPU Processor 0x1d00000000000005	3
20	__binary_int64_int64_- <20>	CPU Processor 0x1d00000000000001	2
21	Deletion Operation <21>		
22	Deletion Operation <22>		
23	Deletion Operation <23>		
24	Deletion Operation <24>		
25	Deletion Operation <25>		
85899345920	Operation <85899345920>		
60129542144	Operation <60129542144>		
34359738368	Operation <34359738368>		
68719476736	Operation <68719476736>		
64424509440	Operation <64424509440>		
73014444032	Operation <73014444032>		
77309411328	Operation <77309411328>		
38654705664	Operation <38654705664>		
81604378624	Operation <81604378624>		
4295000056	Operation <4295000056>		
55834574848	Operation <55834574848>		
